new_ADlocusID,old_name,new_name,old_ADlocusID,note
chr10_11679103_11681538,chr10_11,chr10_13,,
chr10_11672508_11678621,chr10_2,chr10_2,,
chr10_58141798_58294727,chr10_18,chr10_20,,
chr10_59778885_59788532,chr10_25,chr10_30,,
chr10_59820507_59908059,chr10_27,chr10_32,,
chr10_59955897_60025913,chr10_28,chr10_33,,
chr10_80486993_80524756,chr10_34,chr10_39,,
chr10_96244776_96350318,chr10_49,chr10_56,,
chr10_96385808_96402910,chr10_58,chr10_65,,
chr10_122368474_122439069,chr10_60,chr10_67,,
chr10_122445788_122475710,chr10_71,chr10_80,,
chr11_47354897_47881331,chr11_11,chr11_11,,
chr11_47387499_47387499,chr11_19,chr11_25,,
chr11_60090108_60272444,chr11_20,chr11_26,,
chr11_65813599_65896076,chr11_32,chr11_38,,
chr11_18379264_18461118,chr11_4,chr11_4,,
chr11_85959902_86157598,chr11_41,chr11_47,,
chr11_121457150_121457150,chr11_57,chr11_66,,
chr11_121494981_121530053,chr11_58,chr11_67,,
chr11_121563217_121607107,chr11_63,chr11_72,,
chr11_121564878_121564878,chr11_65,chr11_74,,
chr11_46538180_46783211,chr11_9,chr11_9,,
chr12_7055497_7073858,chr12_1,chr12_1,,
chr12_51354542_51368233,chr12_13,chr12_16,,
chr12_106706728_106875606,chr12_25,chr12_31,,
chr12_113151232_113314997,chr12_26,chr12_32,,
chr12_124834226_124838694,chr12_43,chr12_53,,
chr13_49033278_49202204,chr13_2,chr13_2,,
chr14_92464701_92472071,chr14_13,chr14_14,,
chr14_92472511_92472511,chr14_16,chr14_17,,
chr14_92676516_92676516,chr14_23,chr14_26,,
chr14_105721708_105803862,,chr14_29,,new locus
chr14_106618321_106711347,chr14_28,chr14_33,,
chr14_106670765_106709371,chr14_32,chr14_37,,
chr14_52828496_52947427,chr14_5,chr14_5,,
chr15_50510070_50763759,chr15_10,chr15_10,,
chr15_58680796_58823796,chr15_16,chr15_16,,
chr15_63277703_63303679,chr15_29,chr15_29,,
chr15_78926846_78947107,chr15_49,chr15_52,,
chr15_49901356_49901356,chr15_6,chr15_6,,
chr15_49903911_49972642,chr15_7,chr15_7,,
chr15_50508901_50767930,chr15_9,chr15_9,,
chr16_19694877_19931009,chr16_1,chr16_1,,
chr16_49850016_49851874,chr16_75,chr16_103,,
chr16_70631406_70658548,chr16_81,chr16_109,,
chr16_70660097_70661088,chr16_83,chr16_111,,
chr16_70662723_70662723,chr16_86,chr16_114,,
chr16_70684397_70691423,chr16_90,chr16_118,,
chr16_23385792_23601679,chr16_9,chr16_12,,
chr16_70698379_70706046,chr16_92,chr16_120,,
chr16_79321960_79321960,chr16_94,chr16_122,,
chr16_79538543_79538543,chr16_95,chr16_123,,
chr16_79562468_79574934,chr16_97,chr16_125,,
chr16_81739662_81740211,chr16_99,chr16_127,,
chr16_81818984_81908423,chr16_103,chr16_133,,
chr16_81881916_81883307,chr16_106,chr16_138,,
chr16_81937798_81946414,chr16_110,chr16_140,,
chr16_90103687_90104403,chr16_114,chr16_144,,
chr16_29913101_30107024,chr16_21,chr16_34,,
chr16_30970904_31137821,chr16_56,chr16_81,,
chr16_31106377_31144137,chr16_62,chr16_87,,
chr17_1489849_1490859,chr17_1,chr17_1,,
chr17_49219935_49219935,chr17_97,chr17_108,,
chr17_49245384_49373413,chr17_100,chr17_111,,
chr17_50955808_51119509,chr17_109,chr17_120,,
chr17_58320645_58332680,chr17_110,chr17_121,,
chr17_63470201_63498276,chr17_115,chr17_131,,
chr17_5058224_5365888,chr17_17,chr17_17,,
chr17_7199755_7281773,chr17_31,chr17_36,,
chr17_1727698_1752311,chr17_4,chr17_4,,
chr17_7581494_7581494,chr17_35,chr17_40,,
chr17_7965745_8003201,chr17_37,chr17_44,,
chr17_18140503_18358422,chr17_40,chr17_47,,
chr17_44352876_44377654,chr17_43,chr17_52,,
chr17_45130257_46788132,chr17_57,chr17_68,,
chr18_32073225_32142519,chr18_1,chr18_1,,
chr18_62484774_62515551,chr18_10,chr18_12,,
chr18_58522227_58522227,chr18_7,chr18_9,,
chr19_1038077_1069554,chr19_1,chr19_1,,
chr19_1056493_1056493,chr19_13,chr19_14,,
chr19_1061893_1061893,chr19_18,chr19_19,,
chr19_1039324_1039324,chr19_2,chr19_2,,
chr19_1812683_1866116,chr19_19,chr19_20,,
chr19_5904342_5911036,chr19_23,chr19_26,,
chr19_18400115_18402784,chr19_27,chr19_30,,
chr19_18427932_18520522,chr19_30,chr19_33,,
chr19_32875656_32967082,chr19_31,chr19_34,,
chr19_1043639_1043639,chr19_4,chr19_4,,
chr19_44779741_44779741,,chr19_44,,new locus
chr19_44844654_44849230,,chr19_45,,new locus
chr19_44908684_44908684,chr19_42,chr19_47,,
chr19_45019031_45019031,chr19_49,chr19_54,,
chr19_45054044_45054044,chr19_50,chr19_56,,
chr19_48702851_48710576,chr19_51,chr19_57,,
chr19_1046077_1046077,chr19_6,chr19_6,,
chr19_48711838_48728969,chr19_54,chr19_60,,
chr19_49948251_49959139,chr19_60,chr19_66,,
chr19_51125272_51125272,chr19_63,chr19_69,,
chr19_1050875_1050875,chr19_7,chr19_7,,
chr19_51224706_51234736,chr19_66,chr19_72,,
chr19_54251846_54283071,chr19_76,chr19_82,,
chr19_54302959_54305226,chr19_79,chr19_86,,
chr19_54565959_54569289,chr19_82,chr19_89,,
chr19_54576778_54636418,chr19_83,chr19_90,,
chr19_54664811_54664811,chr19_85,chr19_92,,
chr1_17117119_17117119,chr1_2,chr1_2,,
chr1_161185602_161185602,chr1_20,chr1_23,,
chr1_161189357_161217875,chr1_21,chr1_24,,
chr1_20035367_20035367,,chr1_3,,new locus
chr1_161219923_161219923,chr1_31,chr1_39,,
chr1_23939236_24009153,chr1_3,chr1_4,,
chr1_200905600_201046655,chr1_34,chr1_42,,
chr1_207510847_207633385,chr1_45,chr1_53,,
chr1_225472357_225648417,chr1_68,chr1_82,,
chr1_232059899_232068524,chr1_71,chr1_85,,
chr20_42371933_42384694,chr20_20,chr20_21,,
chr20_56408019_56450321,chr20_27,chr20_28,,
chr20_1904453_1916796,chr20_5,chr20_5,,
chr21_25836105_25887087,chr21_2,chr21_2,chr21_25836374_25887087,"same locus, boundary widened"
chr21_26775872_26784537,chr21_18,chr21_20,,
chr21_39086796_39094818,chr21_23,chr21_27,,
chr21_26105697_26190786,chr21_4,chr21_5,,
chr22_37817816_37822747,chr22_3,chr22_3,,
chr22_38478391_38756407,chr22_4,chr22_4,,
chr2_233117202_233117202,chr2_75,chr2_104,,
chr2_233119593_233180566,chr2_82,chr2_113,,
chr2_37236717_37334214,chr2_10,chr2_16,,
chr2_105749599_105749599,chr2_22,chr2_29,,
chr2_9403723_9565776,chr2_3,chr2_3,,
chr2_127088380_127132356,chr2_29,chr2_36,,
chr2_127090354_127131181,chr2_32,chr2_39,,
chr2_127133851_127133851,chr2_33,chr2_40,,
chr2_127135234_127135234,chr2_35,chr2_42,,
chr2_134840738_134998059,chr2_51,chr2_60,,
chr2_159561029_159816321,chr2_57,chr2_69,,
chr2_160386261_160464331,chr2_59,chr2_76,chr2_160391860_160464331,"same locus, boundary widened"
chr2_202774672_203331895,chr2_63,chr2_81,,
chr3_155029947_155069722,chr3_13,chr3_15,,
chr3_155084189_155135932,chr3_16,chr3_18,,
chr3_184207504_184220014,chr3_18,chr3_20,,
chr3_36911441_36919169,,chr3_3,,new locus
chr4_11013198_11039925,chr4_7,chr4_10,,
chr4_15942559_15942559,chr4_11,chr4_15,,
chr4_40197226_40197226,chr4_12,chr4_16,,
chr4_959405_989064,chr4_2,chr4_2,,
chr4_87692297_87732464,,chr4_22,,new locus
chr4_960489_966293,,chr4_5,,new locus
chr5_86923485_87004641,chr5_16,chr5_18,,
chr5_87013307_87152123,chr5_21,chr5_24,,
chr5_87121196_87161418,chr5_23,chr5_27,,
chr5_124882115_124900203,chr5_30,chr5_33,,
chr5_140322335_140322335,chr5_34,chr5_37,,
chr5_140327854_140335252,chr5_35,chr5_38,,
chr5_14654355_14730221,chr5_4,chr5_4,,
chr5_151052827_151052827,chr5_37,chr5_40,,
chr5_151053886_151058723,chr5_42,chr5_45,,
chr5_157080416_157119979,chr5_45,chr5_48,,
chr5_170561690_170561690,chr5_54,chr5_57,,
chr5_177508158_177561486,chr5_58,chr5_61,chr5_177509193_177561486,"same locus, boundary widened"
chr5_180197032_180202485,chr5_65,chr5_69,,
chr6_40897501_40974457,chr6_19,chr6_19,,
chr6_41025060_41077540,chr6_26,chr6_26,,
chr6_41053109_41161469,chr6_27,chr6_27,,
chr6_41191794_41194977,chr6_31,chr6_31,,
chr6_41232872_41242525,chr6_33,chr6_33,,
chr6_47459545_47619558,chr6_34,chr6_37,,
chr6_114291731_114400533,chr6_57,chr6_62,,
chr7_1517129_1556203,chr7_1,chr7_1,,
chr7_12194394_12226141,chr7_10,chr7_11,,
chr7_12211934_12245514,chr7_12,chr7_13,chr7_12212914_12245514,"same locus, boundary widened"
chr7_28116987_28199847,chr7_18,chr7_20,,
chr7_50417367_50461751,chr7_28,chr7_31,,
chr7_54853213_54899045,chr7_29,chr7_34,,
chr7_100022654_100229525,chr7_36,chr7_43,,
chr7_100334426_100494172,chr7_39,chr7_46,,
chr7_129108747_129129991,chr7_52,chr7_60,,
chr7_129623556_129670283,chr7_53,chr7_61,,
chr7_143391433_143407238,chr7_54,chr7_62,,
chr7_143402040_143412115,chr7_61,chr7_69,,
chr7_143413669_143414203,chr7_63,chr7_71,,
chr7_7811676_7817263,chr7_8,chr7_8,,
chr8_20354018_20383427,chr8_10,chr8_11,,
chr8_27337604_27374501,chr8_13,chr8_14,,
chr8_11808828_11871913,chr8_3,chr8_3,,
chr8_27598736_27610986,chr8_31,chr8_32,,
chr8_94942846_94976153,chr8_48,chr8_50,,
chr8_94987509_95038329,chr8_51,chr8_58,,
chr8_97317264_97349708,chr8_52,chr8_59,,
chr8_100661688_100668876,chr8_55,chr8_62,,
chr8_125515868_125532731,chr8_64,chr8_78,,
chr8_125564458_125568924,chr8_66,chr8_82,,
chr8_143554296_143561915,chr8_68,chr8_84,,
chr8_143944186_144099319,chr8_69,chr8_85,,
chr8_143967775_144042819,chr8_70,chr8_86,,
chr9_104891145_104904866,chr9_6,chr9_6,,
